{"cameraMode":{"drawMode":0,"name":"Shaded","section":"Shading Mode"},"sceneLighting":true,"audioPlay":false,"sceneViewState":{"showFog":true,"showMaterialUpdate":false,"showSkybox":true,"showFlares":true,"showImageEffects":true,"showParticleSystems":true},"in2DMode":false,"pivot":{"x":108.33432006835938,"y":-0.21760177612304688,"z":-726.0},"rotation":{"x":-0.022434895858168603,"y":-0.07491081953048706,"z":-0.0016857844311743975,"w":0.9969379901885986},"size":72.04092407226563,"orthographic":true}